<metadata xml:lang="en"><Esri><CreaDate>20140211</CreaDate><CreaTime>12021313</CreaTime><ArcGISFormat>1.0</ArcGISFormat><SyncOnce>FALSE</SyncOnce><ModDate>20140325</ModDate><ModTime>8194600</ModTime><DataProperties><coordRef><csUnits>Decimal Degree</csUnits><geogcsn>WGS 84</geogcsn><peXml><wktVar>&lt;ProjectedCoordinateSystem&gt;&lt;WKT&gt;GEOGCS["WGS 84",DATUM["World Geodetic System 1984 [EPSG ID 6326]",SPHEROID["WGS 84 [EPSG ID 7030]",6378137.0,298.257223563]],PRIMEM["Greenwich",0.0],UNIT["Decimal Degree",0.01745329251994328]]&lt;/WKT&gt;&lt;XOrigin&gt;-85&lt;/XOrigin&gt;&lt;YOrigin&gt;40&lt;/YOrigin&gt;&lt;XYScale&gt;100000000&lt;/XYScale&gt;&lt;ZOrigin&gt;0&lt;/ZOrigin&gt;&lt;ZScale&gt;1&lt;/ZScale&gt;&lt;MOrigin&gt;0&lt;/MOrigin&gt;&lt;MScale&gt;1&lt;/MScale&gt;&lt;XYTolerance&gt;.00000002&lt;/XYTolerance&gt;&lt;ZTolerance&gt;0&lt;/ZTolerance&gt;&lt;MTolerance&gt;0&lt;/MTolerance&gt;&lt;HighPrecision&gt;&lt;/HighPrecision&gt;&lt;/ProjectedCoordinateSystem&gt;&lt;/peXml&gt;</wktVar></peXml><type Sync="TRUE">Geographic</type></coordRef><itemProps><itemName Sync="TRUE">MAKE_SPACE_FOR_CULTURE_WGS84</itemName><imsContentType Sync="TRUE">002</imsContentType><nativeExtBox><westBL Sync="TRUE">-79.619185</westBL><eastBL Sync="TRUE">-79.125108</eastBL><southBL Sync="TRUE">43.593642</southBL><northBL Sync="TRUE">43.839139</northBL><exTypeCode Sync="TRUE">1</exTypeCode></nativeExtBox><itemSize Sync="TRUE">0.037</itemSize><itemLocation><linkage Sync="TRUE">file://\\J2XD0060991\D\Open data temp2\Make_Space_for_culture\MAKE_SPACE_FOR_CULTURE_WGS84.shp</linkage><protocol Sync="TRUE">Local Area Network</protocol></itemLocation></itemProps></DataProperties><SyncDate>20140325</SyncDate><SyncTime>08190900</SyncTime><scaleRange><minScale>150000000</minScale><maxScale>5000</maxScale></scaleRange><ArcGISProfile>FGDC</ArcGISProfile></Esri><idinfo><citation><citeinfo><title>Make Space for Culture</title><origin>Toronto Arts Council</origin><pubdate>03-24-2014</pubdate></citeinfo></citation><status><progress>Complete</progress><update>.</update></status></idinfo><dataIdInfo><themeKeys><keyword>Arcts</keyword><keyword>Culture</keyword><keyword>rental space</keyword><keyword>cultural space</keyword><keyword>performance space</keyword><keyword>arts facilities</keyword></themeKeys><idPurp>This dataset is a compilation of spaces available for community cultural us in all 44 City Wards. These includeschools, community centres and other spaces available on a rental basis for cultural use, which includesperformances, exhibitions, visual arts, screen based performances, heritage events etc.</idPurp><idAbs>&lt;DIV STYLE="text-align:Left;"&gt;&lt;DIV&gt;&lt;P&gt;&lt;SPAN&gt;The data was collected through primary research from 2012 and 2013 through aggregated lists, and validated atlocal meetings in each of the wards and through other means such as feedback from Councillors and staff, webresearch, phone calls, etc ?. The data was based on an existing set from the Toronto Arts Council, and a 2003facilities study produced by ERA architects.The database consists of the name of the facility, address, ward information, ownership of facilities that areavailable to the public for cultural events. They are not necessarHy purposed built cultural facilities, but representcultural resources in the community.The project was called Making Space for Culture: www.toronto.ca/makinQS98C8&lt;/SPAN&gt;&lt;/P&gt;&lt;/DIV&gt;&lt;/DIV&gt;</idAbs><idCitation><resTitle>CITYGCS.MAKE_SPACE_FOR_CULTURE</resTitle><presForm><PresFormCd value="005" Sync="TRUE"/></presForm></idCitation><resConst><Consts><useLimit>&lt;DIV STYLE="text-align:Left;"&gt;&lt;DIV&gt;&lt;P&gt;&lt;SPAN&gt;Source must be credited. Cannot be re-sold&lt;/SPAN&gt;&lt;/P&gt;&lt;/DIV&gt;&lt;/DIV&gt;</useLimit></Consts></resConst><dataExt><geoEle><GeoBndBox><westBL>-82</westBL><eastBL>-77.8</eastBL><northBL>45.2</northBL><southBL>42</southBL></GeoBndBox></geoEle></dataExt><idPoC><rpIndName>Open Data Team</rpIndName><rpOrgName>City of Tornoto</rpOrgName><rpCntInfo><cntAddress><eMailAdd>opendata@toronto.ca</eMailAdd></cntAddress></rpCntInfo><role><RoleCd value="005"/></role></idPoC><envirDesc Sync="TRUE">Microsoft Windows XP Version 5.1 (Build 2600) Service Pack 3; Esri ArcGIS 10.2.0.3348</envirDesc><dataLang><languageCode value="en" Sync="TRUE"/><countryCode value="US" Sync="TRUE"/></dataLang><spatRpType><SpatRepTypCd value="001" Sync="TRUE"/></spatRpType><dataExt><geoEle xmlns=""><GeoBndBox esriExtentType="search"><exTypeCode Sync="TRUE">1</exTypeCode><westBL Sync="TRUE">-79.619185</westBL><eastBL Sync="TRUE">-79.125108</eastBL><northBL Sync="TRUE">43.839139</northBL><southBL Sync="TRUE">43.593642</southBL></GeoBndBox></geoEle></dataExt><searchKeys><keyword>Arts</keyword><keyword>Culture</keyword><keyword>rental space</keyword><keyword>cultural space</keyword><keyword>performance space</keyword><keyword>arts facilities</keyword></searchKeys></dataIdInfo><metainfo><D>99</D><langmeta>en</langmeta><mdDateSt><CreaDate>20140211 12021313</CreaDate></mdDateSt></metainfo><spdoinfo><ptvctinf><esriterm Name="MAKE_SPACE_FOR_CULTURE_WGS84"><efeatyp Sync="TRUE">Simple</efeatyp><efeageom code="1" Sync="TRUE"/><esritopo Sync="TRUE">FALSE</esritopo><efeacnt Sync="TRUE">1397</efeacnt><spindex Sync="TRUE">FALSE</spindex><linrefer Sync="TRUE">FALSE</linrefer></esriterm></ptvctinf></spdoinfo><mdContact><rpOrgName>Geospatial Competency Centre</rpOrgName><rpIndName>.</rpIndName><rpCntInfo><cntAddress><city>Toronto</city><delPoint>18 Dyas Rd,  3rd Floor</delPoint><eMailAdd>gcc@toronto.ca</eMailAdd><postCode>M3B 1V5</postCode><adminArea>ON</adminArea></cntAddress><cntPhone><voiceNum>416-392-2506</voiceNum><faxNum>416-397-4900</faxNum></cntPhone></rpCntInfo><rpPosName>.</rpPosName></mdContact><eainfo><detailed Name="MAKE_SPACE_FOR_CULTURE_WGS84"><enttyp><enttypt>Feature Class</enttypt><enttypl>CITYGCS.MAKE_SPACE_FOR_CULTURE</enttypl><enttypc>1397</enttypc></enttyp><attr><attrlabl Sync="TRUE">FID</attrlabl><attalias Sync="TRUE">FID</attalias><attrtype Sync="TRUE">OID</attrtype><attwidth Sync="TRUE">4</attwidth><atprecis Sync="TRUE">0</atprecis><attscale Sync="TRUE">0</attscale><attrdef Sync="TRUE">Internal feature number.</attrdef><attrdefs Sync="TRUE">Esri</attrdefs><attrdomv><udom Sync="TRUE">Sequential unique whole numbers that are automatically generated.</udom></attrdomv></attr><attr><attrlabl>LF_NAME</attrlabl><attalias>LF_NAME</attalias><attrtype>VARCHAR2</attrtype><attwidth>110</attwidth><attrdef>Street Name</attrdef><atprecis Sync="TRUE">0</atprecis><attscale Sync="TRUE">0</attscale></attr><attr><attrlabl>ADDRESS</attrlabl><attalias>ADDRESS</attalias><attrtype>VARCHAR2</attrtype><attwidth>131</attwidth><attrdef>Full address</attrdef><atprecis Sync="TRUE">0</atprecis><attscale Sync="TRUE">0</attscale></attr><attr><attrlabl>POSTAL_CD</attrlabl><attalias>POSTAL_CD</attalias><attrtype>VARCHAR2</attrtype><attwidth>7</attwidth><attrdef>POSTAL CODE</attrdef><atprecis Sync="TRUE">0</atprecis><attscale Sync="TRUE">0</attscale></attr><attr><attrlabl>CITY</attrlabl><attalias>CITY</attalias><attrtype>CHAR</attrtype><attwidth>7</attwidth><atprecis Sync="TRUE">0</atprecis><attscale Sync="TRUE">0</attscale></attr><attr><attrlabl>X</attrlabl><attalias>X</attalias><attrtype>NUMBER</attrtype><attwidth>22</attwidth><attrdef>Easting in MTM NAD 27(3 degree) Projection</attrdef><atprecis Sync="TRUE">10</atprecis><attscale Sync="TRUE">4</attscale></attr><attr><attrlabl>Y</attrlabl><attalias>Y</attalias><attrtype>NUMBER</attrtype><attwidth>22</attwidth><attrdef>Northing in MTMNAD 27(3 degree) Projection</attrdef><atprecis Sync="TRUE">10</atprecis><attscale Sync="TRUE">4</attscale></attr><attr><attrlabl>LONGITUDE</attrlabl><attalias>LONGITUDE</attalias><attrtype>NUMBER</attrtype><attwidth>22</attwidth><attrdef>LONGITUDE = Longitude in WGS84 Coordinate System</attrdef><atprecis Sync="TRUE">13</atprecis><attscale Sync="TRUE">11</attscale></attr><attr><attrlabl>LATITUDE</attrlabl><attalias>LATITUDE</attalias><attrtype>NUMBER</attrtype><attwidth>22</attwidth><attrdef>Latitude in WGS84 Coordinate System</attrdef><atprecis Sync="TRUE">13</atprecis><attscale Sync="TRUE">11</attscale></attr><attr><attrlabl>FAC_NAM</attrlabl><attalias>FAC_NAM</attalias><attrtype>VARCHAR2</attrtype><attwidth>255</attwidth><attrdef>FACILITY NAME</attrdef><atprecis Sync="TRUE">0</atprecis><attscale Sync="TRUE">0</attscale></attr><attr><attrlabl>STE_FLR_UN</attrlabl><attalias>STE_FLR_UN</attalias><attrtype>VARCHAR2</attrtype><attwidth>50</attwidth><attrdef>SUITE FLOOR UNIT</attrdef><atprecis Sync="TRUE">0</atprecis><attscale Sync="TRUE">0</attscale></attr><attr><attrlabl>PERFRMANCE</attrlabl><attalias>PERFRMANCE</attalias><attrtype>NUMBER</attrtype><attwidth>22</attwidth><attrdef>Spaces in which performing arts (dance, music, theatre, etc.) creation or presentation takes place</attrdef><atprecis Sync="TRUE">2</atprecis><attscale Sync="TRUE">0</attscale></attr><attr><attrlabl>LIBRARY</attrlabl><attalias>LIBRARY</attalias><attrtype>NUMBER</attrtype><attwidth>22</attwidth><attrdef>Toronto Public Library facility with physical space for cultural activity</attrdef><atprecis Sync="TRUE">2</atprecis><attscale Sync="TRUE">0</attscale></attr><attr><attrlabl>MULTIPURP</attrlabl><attalias>MULTIPURP</attalias><attrtype>NUMBER</attrtype><attwidth>22</attwidth><attrdef>MULITPURPOSE</attrdef><atprecis Sync="TRUE">2</atprecis><attscale Sync="TRUE">0</attscale></attr><attr><attrlabl Sync="TRUE">EXHBVISART</attrlabl><attalias Sync="TRUE">EXHBVISART</attalias><attrtype Sync="TRUE">SmallInteger</attrtype><attwidth Sync="TRUE">2</attwidth><atprecis Sync="TRUE">2</atprecis><attscale Sync="TRUE">0</attscale></attr><attr><attrlabl Sync="TRUE">SCRN_BASSE</attrlabl><attalias Sync="TRUE">SCRN_BASSE</attalias><attrtype Sync="TRUE">SmallInteger</attrtype><attwidth Sync="TRUE">2</attwidth><atprecis Sync="TRUE">2</atprecis><attscale Sync="TRUE">0</attscale></attr><attr><attrlabl>HERITAGE</attrlabl><attalias>HERITAGE</attalias><attrtype>NUMBER</attrtype><attwidth>22</attwidth><attrdef>Facilities where heritage activity takes place (historical societies, archives, community museums etc.)</attrdef><atprecis Sync="TRUE">2</atprecis><attscale Sync="TRUE">0</attscale></attr><attr><attrlabl>OWNERSHIP</attrlabl><attalias>OWNERSHIP</attalias><attrtype>VARCHAR2</attrtype><attwidth>50</attwidth><attrdef>OWNERSHIP</attrdef><atprecis Sync="TRUE">0</atprecis><attscale Sync="TRUE">0</attscale></attr><attr><attrlabl>OBJECTID</attrlabl><attalias>OBJECTID</attalias><attrtype>NUMBER</attrtype><attwidth>22</attwidth><atprecis Sync="TRUE">10</atprecis><attscale Sync="TRUE">0</attscale></attr><attr><attrlabl>SHAPE</attrlabl><attalias>SHAPE</attalias><attrtype>SDO_GEOMETRY</attrtype><attwidth>64</attwidth><atprecis Sync="TRUE">0</atprecis><attscale Sync="TRUE">0</attscale><attrdef Sync="TRUE">Feature geometry.</attrdef><attrdefs Sync="TRUE">Esri</attrdefs><attrdomv><udom Sync="TRUE">Coordinates defining the features.</udom></attrdomv></attr><attr><attrlabl>ADD_NUM</attrlabl><attalias>ADD_NUM</attalias><attrtype>VARCHAR2</attrtype><attwidth>20</attwidth><attrdef>ADDRESS NUMBER</attrdef><atprecis Sync="TRUE">0</atprecis><attscale Sync="TRUE">0</attscale></attr></detailed></eainfo><spatRepInfo><VectSpatRep><geometObjs Name="MAKE_SPACE_FOR_CULTURE_WGS84"><geoObjTyp><GeoObjTypCd value="004" Sync="TRUE"/></geoObjTyp><geoObjCnt Sync="TRUE">1397</geoObjCnt></geometObjs><topLvl><TopoLevCd value="001" Sync="TRUE"/></topLvl></VectSpatRep></spatRepInfo><mdLang><languageCode value="en" Sync="TRUE"/><countryCode value="US" Sync="TRUE"/></mdLang><distInfo><distFormat><formatName Sync="TRUE">Shapefile</formatName></distFormat><distTranOps><transSize Sync="TRUE">0.037</transSize></distTranOps></distInfo><mdHrLv><ScopeCd value="005" Sync="TRUE"/></mdHrLv><mdHrLvName Sync="TRUE">dataset</mdHrLvName><refSysInfo><RefSystem><refSysID><identCode code="0" Sync="TRUE"/></refSysID></RefSystem></refSysInfo><mdDateSt Sync="TRUE">20140325</mdDateSt></metadata>
